[{"id":"e1","title":"Web Dev Networking Night","description":"Meet, connect, and network with fellow budding web developers. Share your experiences and learn from others.","date":"2024-09-25","time":"18:00","location":"Innovation Lounge, New York, NY","image":"meeting-networking.jpg"},{"id":"e3","title":"Women in Web Development Mixer!","description":"An empowering event dedicated to women who are passionate about web development. Connect, share, and inspire.","date":"2024-05-21","time":"16:30","location":"Empowerment Hall, Seattle, WA","image":"women-coding.jpg"},{"id":"2750","title":"test event","description":"test event","date":"2024-10-14","time":"15:01","location":"test event","image":"women-coding.jpg"}]